http://127.0.0.1:4036,1591094606.1869435,
http://127.0.0.1:4038,1591094606.1869435,
http://127.0.0.1:4036,1591094606.233435,
http://127.0.0.1:4038,1591094606.233435,
http://127.0.0.1:4036,1591094625.8481355,
http://127.0.0.1:4038,1591094625.8481355,
http://127.0.0.1:4036,1591094625.8739657,
http://127.0.0.1:4038,1591094625.8739657,
http://127.0.0.1:4004,1591094625.9036021,
http://127.0.0.1:4038,1591094625.9036021,
http://127.0.0.1:4004,1591094625.9273098,
http://127.0.0.1:4036,1591094668.115142,
http://127.0.0.1:4038,1591094668.115142,
http://127.0.0.1:4036,1591094668.1597419,
http://127.0.0.1:4038,1591094668.1597419,
http://127.0.0.1:4004,1591094668.1958969,
http://127.0.0.1:4038,1591094668.1958969,
http://127.0.0.1:4004,1591094668.2171738,
http://127.0.0.1:4038,1591094668.2171738,
http://127.0.0.1:4004,1591094668.248216,
http://127.0.0.1:4036,1591094766.3336632,
http://127.0.0.1:4038,1591094766.3336632,
http://127.0.0.1:4036,1591094766.379794,
http://127.0.0.1:4038,1591094766.379794,
http://127.0.0.1:4004,1591094766.428835,
http://127.0.0.1:4038,1591094766.428835,
http://127.0.0.1:4004,1591094766.5047212,
http://127.0.0.1:4038,1591094766.5047212,
http://127.0.0.1:4036,1591094999.1341166,
http://127.0.0.1:4038,1591094999.1341166,
http://127.0.0.1:4036,1591094999.180741,
http://127.0.0.1:4038,1591094999.180741,
http://127.0.0.1:4004,1591094999.2296653,
http://127.0.0.1:4038,1591094999.2296653,
http://127.0.0.1:4004,1591094999.3057182,
http://127.0.0.1:4038,1591094999.3057182,
http://127.0.0.1:4004,1591094999.376468,
http://127.0.0.1:4004,1591094999.4029796,
http://127.0.0.1:4036,1591095073.023926,
http://127.0.0.1:4038,1591095073.023926,
http://127.0.0.1:4036,1591095073.0591197,
http://127.0.0.1:4038,1591095073.0591197,
http://127.0.0.1:4004,1591095073.1038651,
http://127.0.0.1:4038,1591095073.1038651,
http://127.0.0.1:4004,1591095073.1594677,
http://127.0.0.1:4038,1591095073.1594677,
http://127.0.0.1:4004,1591095073.2094858,
http://127.0.0.1:4004,1591095073.2889924,
http://127.0.0.1:4036,1591095082.2523925,
http://127.0.0.1:4038,1591095082.2523925,
http://127.0.0.1:4036,1591095082.2959504,
http://127.0.0.1:4038,1591095082.2959504,
http://127.0.0.1:4004,1591095082.363103,
http://127.0.0.1:4038,1591095082.363103,
http://127.0.0.1:4004,1591095082.4030669,
http://127.0.0.1:4038,1591095082.4030669,
http://127.0.0.1:4036,1591095127.988831,
http://127.0.0.1:4038,1591095127.988831,
http://127.0.0.1:4036,1591095128.043664,
http://127.0.0.1:4038,1591095128.043664,
http://127.0.0.1:4004,1591095128.1062918,
http://127.0.0.1:4038,1591095128.1062918,
http://127.0.0.1:4004,1591095128.176068,
http://127.0.0.1:4004,1591095128.211395,
http://127.0.0.1:4038,1591095128.211395,
http://127.0.0.1:4004,1591095128.2884202,
http://127.0.0.1:4036,1591095199.6348696,
http://127.0.0.1:4038,1591095199.6348696,
http://127.0.0.1:4036,1591095199.6844213,
http://127.0.0.1:4038,1591095199.6844213,
http://127.0.0.1:4004,1591095199.7362316,
http://127.0.0.1:4038,1591095199.7362316,
http://127.0.0.1:4004,1591095199.8095124,
http://127.0.0.1:4038,1591095199.8095124,
http://127.0.0.1:4004,1591095199.8784811,
http://127.0.0.1:4004,1591095199.9286387,
http://127.0.0.1:4036,1591095588.8776033,
http://127.0.0.1:4038,1591095588.8776033,
http://127.0.0.1:4036,1591095588.917088,
http://127.0.0.1:4038,1591095588.917088,
http://127.0.0.1:4004,1591095588.9788828,
http://127.0.0.1:4038,1591095588.9788828,
http://127.0.0.1:4004,1591095589.0278726,
http://127.0.0.1:4004,1591095589.0627084,
http://127.0.0.1:4038,1591095589.0627084,
http://127.0.0.1:4004,1591095589.1628528,
http://127.0.0.1:4036,1591099178.6489384,
http://127.0.0.1:4038,1591099178.6489384,
http://127.0.0.1:4036,1591099178.680494,
http://127.0.0.1:4038,1591099178.680494,
http://127.0.0.1:4004,1591099178.7356343,
http://127.0.0.1:4038,1591099178.7356343,
http://127.0.0.1:4004,1591099178.7894585,
http://127.0.0.1:4004,1591099178.8303714,
http://127.0.0.1:4038,1591099178.8303714,
http://127.0.0.1:4004,1591099178.902627,
http://127.0.0.1:4036,1591099185.3680148,
http://127.0.0.1:4038,1591099185.3680148,
http://127.0.0.1:4036,1591099185.429333,
http://127.0.0.1:4038,1591099185.429333,
http://127.0.0.1:4004,1591099185.5007513,
http://127.0.0.1:4038,1591099185.5007513,
http://127.0.0.1:4004,1591099185.5639317,
http://127.0.0.1:4004,1591099185.601908,
http://127.0.0.1:4038,1591099185.601908,
http://127.0.0.1:4004,1591099185.6652927,
http://127.0.0.1:4036,1591099192.3971207,
http://127.0.0.1:4038,1591099192.3971207,
http://127.0.0.1:4036,1591099192.4433405,
http://127.0.0.1:4038,1591099192.4433405,
http://127.0.0.1:4004,1591099192.510543,
http://127.0.0.1:4038,1591099192.510543,
http://127.0.0.1:4004,1591099192.5852785,
http://127.0.0.1:4038,1591099192.5852785,
http://127.0.0.1:4004,1591099192.6636672,
http://127.0.0.1:4004,1591099192.7022645,
http://127.0.0.1:4036,1591099198.2418668,
http://127.0.0.1:4038,1591099198.2418668,
http://127.0.0.1:4036,1591099198.2854836,
http://127.0.0.1:4038,1591099198.2854836,
http://127.0.0.1:4004,1591099198.3484702,
http://127.0.0.1:4038,1591099198.3484702,
http://127.0.0.1:4004,1591099198.412125,
http://127.0.0.1:4038,1591099198.412125,
http://127.0.0.1:4004,1591099198.4657128,
http://127.0.0.1:4004,1591099198.5152793,
http://127.0.0.1:4036,1591099214.7791476,
http://127.0.0.1:4038,1591099214.7791476,
http://127.0.0.1:4036,1591099214.8487105,
http://127.0.0.1:4038,1591099214.8487105,
http://127.0.0.1:4004,1591099214.9117599,
http://127.0.0.1:4038,1591099214.9117599,
http://127.0.0.1:4004,1591099214.9774346,
http://127.0.0.1:4004,1591099215.0162957,
http://127.0.0.1:4038,1591099215.0162957,
http://127.0.0.1:4004,1591099215.0892358,
http://127.0.0.1:4036,1591099224.4786217,
http://127.0.0.1:4038,1591099224.4786217,
http://127.0.0.1:4036,1591099224.5326362,
http://127.0.0.1:4038,1591099224.5326362,
http://127.0.0.1:4004,1591099224.601137,
http://127.0.0.1:4038,1591099224.601137,
http://127.0.0.1:4004,1591099224.6652906,
http://127.0.0.1:4038,1591099224.6652906,
http://127.0.0.1:4004,1591099224.7014055,
http://127.0.0.1:4004,1591099224.7317266,
http://127.0.0.1:4036,1591099505.0435045,
http://127.0.0.1:4038,1591099505.0435045,
http://127.0.0.1:4038,1591099505.1349797,
http://127.0.0.1:4036,1591099507.8442895,
http://127.0.0.1:4038,1591099507.8442895,
http://127.0.0.1:4038,1591099507.9488266,
